PassengerId,Survived,Pclass,Sex,Age,SibSp,Parch,Fare,Embarked
1,0,3,male,,2,0,8.6978798121123,S
2,0,3,male,25.04197989129028,0,0,9.329075882549697,C
3,1,2,female,56.27207713044842,1,0,21.500415687491046,C
4,0,3,female,41.50520055071486,0,0,56.19169619376259,C
5,0,1,male,,0,3,33.17130003107534,S
6,0,2,male,,0,2,25.747180926033426,Q
7,0,3,male,35.41006082413565,0,0,21.717485842020572,S
8,1,1,male,1.7487475994886559,4,0,29.971168079482485,S
9,0,1,male,25.65619078481403,0,0,24.573113673183805,Q
10,1,1,female,,0,1,7.170875299707806,S
11,0,1,male,28.990990839625468,0,0,21.032717922864364,S
12,1,1,female,9.324747221348161,0,0,6.86414400065665,S
13,0,3,male,,0,0,21.781969554172598,S
14,0,2,male,,1,0,12.420546268532714,C
15,0,3,female,47.77992987525343,0,0,254.52056106915649,S
16,0,3,male,28.800941864192538,0,2,19.30001004251536,S
17,0,2,male,43.49601451734225,0,0,4.932078165107294,S
18,0,2,male,24.385648204663248,4,0,17.563445629605937,S
19,1,2,female,4.993861991012576,0,0,33.76277099644051,S
20,0,3,female,,0,0,107.05727227306086,S
21,0,2,male,52.36188714336887,0,2,11.140059772522639,S
22,0,3,male,25.727100313475088,0,0,4.12708780370883,S
23,0,2,male,26.170932299062237,0,0,45.46019061447893,C
24,0,3,female,25.35234615401423,0,0,5.050065907036125,S
25,1,2,female,57.309980548808596,1,0,12.985645544256734,S
26,1,2,male,53.276404272749915,0,0,15.523880480910028,S
27,0,3,male,61.87231338499794,1,0,18.734496306071282,S
28,0,3,male,27.393844449199257,0,0,40.01140174310407,C
29,1,1,female,33.98655508683288,0,0,10.13876015204896,Q
30,0,3,female,,0,0,15.275813305048105,S
31,0,3,male,,0,0,19.800944667666972,C
32,0,3,male,12.76719650661494,1,0,23.32668437738338,S
33,0,3,male,32.84324567455812,0,0,22.149771373681546,S
34,1,2,female,,0,1,31.062638892108573,S
35,1,1,male,21.161431012288908,0,1,46.70445282222728,S
36,1,2,female,,5,0,29.74419882954495,S
37,0,3,male,20.88580872020064,0,0,31.613540432329987,C
38,0,3,male,21.88272080433981,2,0,4.127933147887882,S
39,1,2,male,21.75010247358638,0,0,21.12015291627291,C
40,0,1,male,41.783341720814455,0,1,32.4437411561012,C
41,0,3,male,13.679489500593458,0,0,41.63500145233989,S
42,0,3,female,,0,0,10.050769771652782,S
43,0,3,male,47.3604077084306,0,1,10.39121486982218,S
44,1,1,male,22.258652714555758,0,1,11.312398365453722,Q
45,0,2,male,19.290176084159775,1,0,34.3435387277719,S
46,1,1,female,26.357392934886363,1,0,56.47968719989743,S
47,0,3,female,,1,0,13.363670824864503,S
48,0,1,male,32.51456064882369,0,0,49.797377082978464,S
49,0,3,female,21.997392728189823,0,2,22.725321995102583,S
50,0,2,male,36.71621144222657,0,1,17.738088546247038,S
51,0,3,male,13.716763827371862,1,1,16.258498719484717,S
52,1,3,female,39.579712901422745,2,0,42.37723741251882,S
53,1,3,female,35.624805961675634,0,1,27.815066012300043,S
54,1,1,female,,0,0,195.55182379504242,S
55,0,1,male,17.540505922515152,0,0,8.565781379705992,S
56,1,1,male,16.84312662688987,0,0,33.720356385067234,S
57,0,3,female,37.4548513770157,0,0,11.831896645328236,S
58,0,3,male,47.520217286091395,0,0,8.420868860480764,S
59,0,3,male,20.459037668082473,1,0,19.868446353937262,S
60,0,3,male,,0,0,23.04277979574701,S
61,0,3,male,0.42,0,0,371.7321451721357,S
62,0,1,male,21.223042905470606,5,0,16.707440920942762,S
63,1,3,female,29.24964547337192,0,0,6.487136853040432,S
64,0,2,male,16.509590453763412,0,0,26.39067472120511,C
65,0,2,male,16.120657565550857,0,1,2.5227762016474657,C
66,0,3,male,20.01719643120115,0,0,18.320913424074046,C
67,1,1,female,,0,0,20.41000623471319,S
68,1,1,male,26.983729233107567,1,0,44.46046569467023,S
69,0,3,male,0.42,0,1,53.17680204309567,S
70,1,1,female,,0,0,12.1390846234079,S
71,1,3,female,,0,0,17.277170147799144,S
72,1,2,female,36.336455497776505,0,0,9.336011897853355,S
73,1,2,female,0.42,1,0,6.500879303359236,C
74,1,2,male,22.453912445801357,1,0,27.382244143629894,S
75,1,2,female,,0,0,5.620465284997267,S
76,0,3,male,49.8308977840225,1,0,13.268238538803576,S
77,1,2,female,24.117183730163475,0,0,7.424802166569703,S
78,0,3,female,35.253340278743465,5,0,34.80228989827838,S
79,0,3,female,31.748228531268218,0,0,121.68431379252841,C
80,0,3,female,0.42,4,0,5.465261755548448,S
81,0,3,male,40.83900464116019,1,0,3.148674331464605,C
82,0,3,male,32.82324932911617,0,0,17.72742924000805,S
83,1,1,female,37.069895275281546,0,0,20.403323330864605,C
84,1,1,female,80.0,5,0,24.99458763318628,S
85,0,2,male,0.42,1,1,12.85431412753235,S
86,0,3,male,54.70810142153607,0,2,16.43413708750378,S
87,1,1,male,,1,0,29.00622350376728,C
88,1,3,female,,0,0,56.85083413480488,Q
89,1,3,female,,0,0,2.843259853582285,S
90,0,2,male,23.548573165728367,0,1,13.888491686269496,S
91,0,3,male,21.437422540537998,0,0,24.873644620475165,Q
92,1,1,female,,1,0,8.02068552685372,S
93,1,1,female,7.700981398260652,0,1,113.42815396404374,S
94,0,3,male,40.5833979290656,1,0,10.639676930431504,S
95,0,3,male,23.665181129163816,0,1,19.273041635040514,S
96,0,3,male,13.313994583914813,0,0,35.02359918980133,C
97,0,2,male,23.174813559060702,0,0,11.11966554184732,C
98,0,2,male,,0,1,3.169034451928938,S
99,0,3,female,21.937641238264764,0,0,13.083415987855748,S
100,0,3,female,34.89757746403949,0,0,56.22944521635422,C
101,0,3,male,19.101134002125637,0,0,14.340746244958567,S
102,1,2,female,40.68986682389249,0,2,8.615524053992685,C
103,0,3,male,39.639862212457956,0,0,50.687138986008755,S
104,0,2,male,,0,0,14.428784052322504,S
105,1,1,male,,1,0,12.059336658555662,Q
106,0,3,male,39.39549466898964,1,0,23.323375305426353,S
107,1,1,female,31.121979323314694,0,0,43.412621188272524,S
108,1,3,female,,0,0,217.39446877204358,S
109,0,2,male,19.27693037967341,0,0,45.93540211371802,S
110,0,1,male,40.502577036720574,3,2,64.061269823187,S
111,0,3,female,26.876889206308114,0,0,12.110027168175385,Q
112,0,3,male,28.769271431926782,0,0,7.200366258976655,C
113,0,3,male,31.030411024501404,0,0,21.377337159034965,S
114,1,3,female,33.35748574818682,0,0,22.357680649808216,S
115,0,3,male,,0,2,6.831110546186628,S
116,0,3,male,32.81334115597263,1,0,16.855979664834404,S
117,0,3,male,52.582711834651676,0,0,29.943659572102685,S
118,1,2,female,43.989020441420664,0,0,28.800518631503696,C
119,1,3,male,42.302741591205,0,0,33.257751022183484,S
120,0,1,male,23.094676872653874,0,0,26.868772270844065,C
121,1,3,female,16.806007990689295,1,0,12.097409523675475,S
122,0,3,male,43.55185809444742,0,0,12.014321221689393,S
123,1,1,female,42.40267849168202,1,0,6.0559944640371635,S
124,0,3,male,,0,0,119.67443799633266,S
125,0,3,female,20.94228092344617,0,0,20.35751975208046,S
126,0,1,male,26.371544497274968,3,3,16.040983952117518,Q
127,0,3,male,,0,0,7.934401442432864,S
128,0,3,male,24.009168962117343,1,0,378.28879139762324,Q
129,0,1,male,44.150272403401985,0,0,6.866619840620789,S
130,0,3,female,22.93581700119113,1,0,13.080885917013068,Q
131,1,2,female,38.98695703041194,0,0,30.44241408794729,S
132,0,3,male,26.937704963031734,0,2,36.60602944392009,Q
133,0,3,male,34.39882690921263,1,0,52.34895918236674,S
134,0,3,female,13.058474847672823,2,2,122.43845649338375,C
135,1,3,female,,1,0,33.31999460756062,C
136,0,3,male,0.42,1,0,6.986426533810354,S
137,0,3,male,26.990005706651218,1,2,15.534368235982251,S
138,1,2,male,6.058137966130467,0,0,27.32582901075669,S
139,0,3,female,47.18692048992883,0,2,158.89220900035093,Q
140,1,1,male,40.97240661508541,0,0,4.963913896361079,S
141,0,3,male,,0,2,66.85837025609997,S
142,0,1,male,51.754590293811006,0,0,24.044694505810416,S
143,1,1,female,15.940710448039859,0,0,46.42464847079965,S
144,0,1,male,55.03676636977559,0,0,18.137929231805256,C
145,0,3,male,,1,0,8.65006962352371,S
146,0,2,male,,0,0,42.55820972435446,S
147,1,3,male,46.16649213415269,0,0,38.64552660148845,Q
148,0,1,male,13.658744070031304,0,0,53.09363037288196,S
149,0,2,male,17.744544657848735,1,0,19.820076024106747,S
150,0,3,male,20.875449013024344,1,1,11.02513842357231,S
151,0,3,male,22.029823233071777,0,0,4.225818648407281,S
152,0,2,male,14.379914179976334,0,0,45.57563566514901,S
153,0,3,female,47.43470447288222,0,0,30.68854575235665,C
154,0,3,female,25.94661119463744,0,0,7.646265564427219,S
155,0,3,male,,0,0,11.721518337081356,S
156,1,1,female,21.42990518700163,0,0,12.594260421197896,S
157,1,1,male,,0,2,4.558600041823704,S
158,0,3,male,33.61583169667562,0,1,8.866832264520898,C
159,0,1,male,1.9723028564132363,3,0,6.463491445251745,S
160,0,3,male,,3,0,13.29676786615824,S
161,0,3,female,9.85943193692425,0,0,9.595579288848676,S
162,1,3,female,58.515501988846715,0,0,3.9471550508855495,S
163,1,3,female,42.914759471533465,0,0,151.80400235204903,S
164,0,3,male,31.233429973436465,0,0,70.28375781114218,S
165,0,2,male,,3,0,9.216363804416488,S
166,0,3,male,17.42841832674683,0,0,26.375126728417836,C
167,0,2,male,37.58045099071635,1,0,30.49202243282835,S
168,0,3,male,32.59725128892134,0,1,66.09452106032029,C
169,0,3,male,33.52829117933821,4,0,8.858655231349836,C
170,0,3,male,48.149125751548134,0,1,59.86588342316554,S
171,0,3,male,40.32113549030713,1,5,11.612646221492298,S
172,0,3,female,33.88649311096284,0,0,5.281116828137142,S
173,1,2,female,5.704132174689704,0,0,41.43544024977285,S
174,1,2,female,15.779328718447776,0,0,73.02182902019479,S
175,0,3,male,27.920720462862,0,2,267.1763623607856,S
176,0,1,male,31.05389942701144,2,3,6.051309742095721,S
177,1,1,male,13.312045992228104,2,0,40.40363212785475,S
178,1,2,female,64.66931179588711,1,0,13.332421241339985,S
179,1,2,male,51.687713801176805,0,1,43.96345455598876,S
180,0,2,male,,1,0,4.615916541457067,S
181,1,1,female,30.7445344886143,0,1,5.681584893184013,S
182,0,1,male,,0,2,9.245391182664289,S
183,1,1,male,15.897182329677584,0,0,21.73587335652215,S
184,0,3,male,30.823467518523508,0,0,10.57950599992643,S
185,0,2,male,,0,0,38.82461077661533,S
186,1,2,male,,0,0,56.08647063308019,S
187,0,3,male,,0,0,36.582776464541936,S
188,0,1,male,27.448743792041142,1,1,101.37105934905635,C
189,0,3,male,2.0367904107778294,0,2,30.442103368965796,C
190,0,3,female,17.22441734369722,0,2,5.94828706372327,S
191,0,1,male,23.702719765386156,0,0,78.52181729812364,S
192,1,2,male,57.071471031432765,0,1,10.966484569867458,S
193,0,3,male,37.77002030573949,0,0,49.91983903942945,C
194,1,3,female,10.335517248051573,0,0,96.90530034805457,S
195,0,3,male,36.74752619655574,0,0,31.711773341916448,Q
196,0,3,male,7.264092160393698,1,0,4.498937180795015,S
197,1,1,female,45.39902028136256,0,2,8.018792372056176,S
198,1,3,female,22.86869254864076,1,0,75.3952644158085,Q
199,1,1,male,28.342275263282023,0,0,16.96033384381419,S
200,1,3,female,48.92405138936175,0,0,21.749125176206494,S
201,0,3,male,11.036128255528375,1,0,42.89796616906357,S
202,0,3,male,9.441786315861627,0,0,40.29884715953541,S
203,0,3,male,21.23780976798293,0,0,26.54389591951765,S
204,1,1,male,44.75649333978009,1,0,16.302714517764915,S
205,1,1,female,7.6694819055857835,0,0,14.69241764528581,C
206,0,1,male,0.42,1,1,47.365723077896746,S
207,0,1,male,,0,0,34.937806757923795,Q
208,1,3,female,37.700241598708345,1,0,15.528856447406527,S
209,1,2,female,47.103795371213025,0,0,59.27053563687281,S
210,0,1,male,22.984160249761715,0,0,17.654061758605003,S
211,0,3,male,,0,0,8.570600718542073,S
212,0,3,male,,0,0,9.403004831278771,S
213,1,3,female,2.5887453544163996,0,2,7.547822897194067,Q
214,0,3,female,24.066448759846367,0,0,15.295978999941259,S
215,1,1,female,32.46114640391334,0,1,68.97363142768783,S
216,0,2,male,36.213671458632994,0,6,8.97914637174036,S
217,0,3,male,22.307802948732203,0,0,24.25143427555302,S
218,0,3,male,30.199394669734698,1,0,10.415662203206377,C
219,1,1,male,0.42,0,0,15.482199718252776,S
220,1,3,male,20.1553980211592,0,2,4.436912661256564,S
221,1,1,female,36.27587633203978,0,2,16.110347555324285,S
222,0,1,male,,0,0,16.548486048306476,S
223,0,3,male,30.55527121304916,2,1,34.47684516366093,S
224,0,3,female,36.17965126163912,0,0,25.110370126284206,S
225,0,3,male,24.733036587562406,3,2,6.0593823657751225,S
226,1,1,female,32.17172467945028,0,2,59.394298923497296,S
227,0,3,male,,1,0,24.786596422266545,S
228,0,2,male,,0,0,24.493150748428004,Q
229,1,1,male,38.54813445904372,1,0,19.90194860159684,C
230,1,3,male,,0,0,11.96807338256342,S
231,1,3,female,21.195296591322936,0,1,24.973177271488897,S
232,0,3,male,32.9511378622165,0,0,32.31683933210581,S
233,0,3,male,,0,0,3.5011948944779037,S
234,0,3,male,0.42,2,0,11.719324695535258,C
235,0,3,male,46.506573941860516,0,2,15.56543933926499,S
236,1,1,female,24.824306289124458,0,0,25.949973948350856,C
237,0,2,male,35.869604031983336,1,0,66.2417551083635,Q
238,1,2,female,47.0600803928558,0,0,9.283690820013035,S
239,0,2,female,,3,3,12.207349070192198,S
240,0,3,male,19.413105464800573,1,1,12.030750206574314,S
241,1,3,female,25.516043909802278,0,0,9.011237502835968,S
242,1,1,male,18.33557394369579,1,0,14.193917175199179,S
243,1,1,male,54.856580349633724,0,0,43.41487915344606,S
244,0,3,male,17.276804639511504,0,0,7.001780715520252,C
245,1,1,female,21.644571697440433,0,0,30.80923230275527,S
246,1,3,female,32.663640958243164,0,2,3.6623234557810633,S
247,0,3,male,12.268831871896712,1,0,11.457700120237499,S
248,1,3,female,23.962629679534174,2,1,14.447345565317528,S
249,0,3,male,34.30307228812754,0,0,107.217520514133,S
250,0,3,male,24.873524136453586,0,0,15.259430345539513,C
251,0,2,male,,3,0,2.2227752473158775,S
252,0,3,female,22.024684369498623,0,0,2.7213037712669057,S
253,0,3,male,7.74018051687888,0,0,20.780802137520382,S
254,0,2,male,34.363101564418955,0,0,37.105709616453126,S
255,0,3,male,55.146529538885005,1,0,29.237608930852407,C
256,0,3,male,29.966823646359853,0,0,23.749704915691243,S
257,0,3,male,32.96632970008947,1,0,64.21646214343409,C
258,1,3,male,39.744479949194464,1,6,11.709597202287299,S
259,0,3,female,11.29470780007286,0,0,49.15165684658941,S
260,0,3,male,,0,1,3.927429399210961,S
261,0,3,male,32.63376754813063,1,0,8.12586486165145,S
262,0,3,male,53.36192503679208,0,1,3.29682078317748,S
263,0,3,female,,1,0,15.258774266441785,C
264,0,3,female,56.061897877088455,2,1,19.177520440969527,S
265,1,3,male,40.93975466350435,0,0,22.513192984237143,S
266,1,1,female,37.7190812448592,1,0,21.36776232675605,S
267,0,3,male,,1,0,7.94423627749998,S
268,0,3,male,26.096335037920483,1,0,16.605918294478784,S
269,0,1,male,47.107709047871154,0,0,4.493146929371263,S
270,0,3,male,31.73521811279668,0,0,78.5102331689292,S
271,1,1,male,1.1774892979862912,0,0,14.82587443717283,S
272,1,2,female,13.500796305248464,0,1,12.31864392416137,S
273,1,3,female,,0,0,98.39011369624463,S
274,1,1,female,34.19498525590055,1,0,5.799394215248697,S
275,0,3,male,28.87946691095151,0,0,6.516991779577306,S
276,0,3,male,47.375076452008116,0,0,6.711212768617023,Q
277,1,3,female,1.4090229714399385,0,0,18.76753693138904,S
278,1,1,male,31.78202507932482,1,0,30.927063117594418,S
279,1,2,male,3.3393012318862567,0,2,42.08433024167343,S
280,1,3,male,40.71582828452044,0,1,262.95826135078045,S
281,1,3,female,28.33034864059096,0,1,2.118201852095166,C
282,0,3,male,35.78434459434971,1,0,36.91934207262447,S
283,0,2,male,17.17369707144839,0,1,11.50600907808417,Q
284,0,3,female,48.25224150903739,0,0,11.173946365758608,C
285,0,3,male,44.805007628853346,3,0,10.807365276560024,S
286,0,3,male,38.16139239367237,1,0,8.09486839306519,S
287,0,1,male,27.82199992048011,3,0,108.25881924001911,S
288,0,3,male,,0,0,46.63248153713936,S
289,0,3,female,19.45005776418344,0,0,20.55688617649061,S
290,0,3,male,42.105557055800325,1,0,77.55720184952528,S
291,0,2,male,53.617472967696855,0,0,4.425888435543956,S
292,0,3,female,45.2238531196982,1,0,5.308423341553876,S
293,1,3,female,19.12076418779256,0,0,2.2751187931418455,S
294,0,1,female,34.94055110045999,0,0,9.98002364817035,C
295,0,3,male,10.949447615499608,0,0,23.610665235460758,S
296,0,3,male,37.9996595120473,0,1,22.261496636521088,C
297,1,1,female,36.23374948650681,0,0,23.32071242703149,S
298,1,2,female,2.5876630767836204,0,0,4.8985692316331875,S
299,0,3,male,,4,0,44.84242790107526,S
300,0,1,male,25.594485997215376,0,0,25.524212672798495,S
301,0,3,male,25.337533666458018,0,1,41.80660249428667,S
302,1,2,female,12.162584436427323,1,0,3.0259885225362573,S
303,0,3,male,,0,0,27.425983276182315,C
304,1,1,male,33.346367329637424,0,1,6.1241180858642865,S
305,1,3,male,,1,0,13.499825338187325,S
306,1,3,female,18.741023247703737,0,0,34.27324081866585,C
307,0,3,female,44.90625333304017,1,0,22.001125392530444,S
308,0,3,male,53.70340313978028,1,0,8.571648063272205,S
309,1,1,female,22.688358484225212,4,0,20.211932668983284,S
310,0,3,female,20.8235797012551,0,0,4.342562817423239,C
311,0,1,male,36.82251114847394,0,5,63.45096455760116,S
312,0,1,male,24.508573993668698,0,0,16.357982107481618,S
313,0,2,male,27.678740590383104,0,0,61.47004261940378,S
314,1,3,female,,1,0,11.863521986152735,C
315,0,3,male,2.0143367311442546,0,2,11.89863885441481,S
316,0,3,male,48.815383710363704,0,1,9.354085627454745,Q
317,0,2,female,30.75386760277545,1,0,48.23929470134077,S
318,0,2,male,,0,0,9.880556565083829,C
319,0,3,female,28.40610476378899,0,0,38.26728801514771,S
320,0,2,male,29.155225647797522,0,0,13.702079399894584,S
321,0,3,male,4.597581100048583,1,0,2.784411944533619,C
322,1,1,female,,0,0,11.355315181203187,S
323,1,3,female,30.299221667923966,1,0,6.177364879516192,S
324,0,3,male,,0,2,20.778165996811477,S
325,1,1,female,43.497471673323616,1,0,6.10795649268236,S
326,1,1,female,14.893144365375646,1,2,50.702494000295786,S
327,0,3,male,36.56534253601081,0,0,18.337059835194584,S
328,0,3,female,25.819204181967493,0,0,16.817230826691922,S
329,0,2,male,41.97817624063916,0,0,38.70203326440757,S
330,0,3,male,0.42,1,0,52.66267414310137,S
331,0,1,male,28.2631326465016,0,0,19.685872534021918,S
332,1,2,female,20.959100491132556,0,0,9.28871015098727,S
333,0,3,female,35.96781278419525,0,0,3.4076754883811584,S
334,0,2,male,36.51564071683893,0,0,10.114299786508148,S
335,0,3,male,,0,1,10.835066292673666,Q
336,0,2,male,19.37347896944737,0,0,22.355166395732784,S
337,1,2,male,,0,0,14.222896830627603,C
338,1,3,female,16.69868770392948,1,0,39.962158628414336,C
339,1,2,female,41.90876358405584,0,2,10.880984546384274,C
340,0,3,male,24.34649559351203,0,0,18.971898028273095,S
341,1,1,female,0.42,3,0,65.62701618093045,C
342,0,1,male,24.26508017898381,1,0,28.270679682562967,C
343,1,1,female,14.6411145977624,2,0,18.915136192773474,S
344,0,3,female,6.04650067581629,0,3,11.001763279241045,S
345,0,2,male,11.757313745772699,0,0,10.662880556397868,S
346,0,3,male,,0,0,8.579595321387096,S
347,1,3,female,48.96529200959935,1,0,11.693032296799544,S
348,0,3,male,34.24117487104221,0,0,42.762683384834006,S
349,0,1,male,20.905700870871776,0,2,16.088612582169315,S
350,0,3,male,36.31061082997519,0,0,5.208161584417327,S
351,0,3,male,23.04319050182462,0,0,117.70356386795561,S
352,0,3,male,,0,0,27.659387750146646,S
353,1,3,female,12.961741310621726,0,0,4.9187606555156735,C
354,0,3,female,4.298482302100073,0,1,12.91192202765763,S
355,0,3,male,24.04610625488804,0,0,22.44092683992293,S
356,1,1,female,31.991775603841912,4,0,110.45322114795127,S
357,0,1,male,28.2989567847841,1,2,6.63187481494027,S
358,0,3,female,,2,0,53.30556418062738,C
359,1,3,female,15.986682119896672,1,0,81.4090484355327,Q
360,0,3,male,38.51956977943205,0,0,10.711797400895547,S
361,0,3,female,,0,4,15.218113273861125,Q
362,1,1,male,40.952404750730395,0,0,7.125577336999022,S
363,0,1,male,15.16785322556249,0,0,16.387827914367854,S
364,0,3,female,18.789689058380993,0,0,19.363890663024463,S
365,1,2,male,8.431614736072682,0,0,38.8477437068115,C
366,0,1,male,,0,0,59.75085324856969,S
367,0,3,male,43.84203064793069,0,0,9.505817079575161,S
368,1,1,female,,0,0,2.8085685360541275,C
369,0,3,male,43.887120624406506,0,0,19.66332490517593,S
370,0,2,male,,1,0,26.937989246137516,S
371,0,3,female,13.696787486309645,0,1,25.77532625639635,C
372,1,2,female,24.903556247250417,0,2,14.488087390573384,S
373,1,3,male,18.38711262779679,0,0,22.7542536071763,S
374,1,1,male,48.99333610856608,0,0,91.41822056803352,S
375,0,1,male,12.34656462681848,0,0,29.42174918247603,S
376,0,2,male,42.65861649614211,0,0,13.827115768292579,S
377,0,3,male,42.64783111657715,0,1,12.180084293470726,S
378,0,3,female,56.22949292488326,0,0,16.947962876428907,S
379,1,2,female,23.759544406872287,2,0,103.20733868734335,S
380,0,3,male,40.02867131391235,2,1,16.721566450077955,C
381,0,3,male,62.78395162981322,0,0,19.691865968499226,Q
382,1,3,female,20.744195684461396,0,0,12.39987546063896,S
383,1,1,male,7.4419164107807845,1,0,60.27897426517875,S
384,1,3,female,2.439854508337426,0,0,142.57059132153663,C
385,1,1,male,,0,0,31.51970952694114,S
386,1,2,male,,0,1,21.818820080065862,S
387,0,3,female,24.30137373240012,2,1,20.838095650478774,Q
388,0,1,male,36.04104121206493,0,0,1.8509392467770147,C
389,1,3,female,,0,2,42.31539061845461,C
390,0,3,male,35.868950530670496,1,0,22.9694808676688,S
391,0,3,male,32.92320290911238,0,1,30.825493253584444,S
392,0,3,female,48.2435542930442,0,0,9.8605091569409,S
393,0,1,male,15.891412479287442,4,2,13.67464134657903,S
394,1,2,female,,0,2,13.31611643273742,S
395,0,3,male,18.49643804357305,0,0,55.79158123461617,S
396,1,1,male,41.73778127200785,0,2,13.75276869387356,C
397,1,2,female,42.75577953172842,0,1,161.20233613333545,C
398,0,1,male,36.24276713011837,0,1,30.90328283931364,S
399,1,1,male,46.86065816990396,0,0,5.608690893600072,C
400,1,2,male,12.61840742304248,0,1,17.662675897075133,C
401,0,1,male,53.87474961749149,1,1,10.46801981778183,S
402,0,3,male,51.78696001482774,0,0,2.2380781529741163,S
403,0,3,female,40.36651896006333,0,2,99.43169640181253,S
404,1,3,female,55.53608417718037,0,0,40.57461165120356,S
405,1,1,female,,1,0,34.23358972939344,S
406,1,1,female,,0,0,23.69830816854808,S
407,1,1,female,19.03809982011169,0,0,5.042905637340878,S
408,0,3,female,40.161450194481475,0,0,12.383721903030166,S
409,0,3,male,14.472959275768888,0,0,46.608399645129055,C
410,1,1,female,40.68367966539354,0,2,7.020117601287074,S
411,0,3,female,49.57277408795234,1,0,1.5971658003886433,S
412,1,1,male,39.78044205121799,0,0,16.00488506526263,S
413,1,3,male,33.81438984309177,0,0,17.430864313087397,S
414,0,3,male,15.375836556939136,0,0,23.001591666239275,Q
415,0,3,male,,1,2,41.6174122549419,S
416,0,3,female,47.819474126801666,0,0,38.00074680252152,S
417,0,3,male,41.00056055662732,0,1,26.01751084185991,C
418,0,2,male,29.13421696902561,0,0,66.38900052968438,S
419,1,3,female,23.640311586394585,0,0,4.397473709875975,S
420,1,1,male,0.42,0,0,33.26752894412251,S
421,0,3,male,14.172639929075636,0,0,37.58249424300372,C
422,0,3,male,,0,0,5.814982136051646,S
423,0,3,female,11.133394220464233,0,0,4.468842342566964,S
424,0,3,female,32.44745740770567,0,0,9.526314088312121,S
425,0,3,male,,0,1,10.365246810141006,S
426,0,3,female,,0,0,42.66673016541998,C
427,0,3,male,32.37830188432571,1,0,10.864072196871117,S
428,1,1,female,,3,0,8.530529901894367,S
429,1,1,female,29.88124016765513,4,0,10.895678724172317,S
430,1,2,female,71.29184430716813,1,1,61.47510733863767,C
431,0,1,male,5.505310746266169,0,0,20.34923612597494,S
432,1,3,female,45.051563683316246,1,0,16.789420814655568,C
433,1,1,female,27.194374807751267,0,2,17.993210661991913,C
434,0,3,male,40.89284224513179,0,0,73.11695879629411,S
435,1,2,female,,0,0,9.495597530914024,S
436,1,1,male,19.069235141905047,0,0,74.85166019698536,S
437,0,3,female,33.02044769066043,1,0,24.791387110562535,C
438,0,3,male,2.7604289547248335,0,1,17.10858899854597,S
439,1,3,female,38.447088758285204,0,1,244.91237608346526,S
440,0,3,male,34.02329775686262,2,2,6.989160928514851,C
441,1,3,male,,0,0,14.101966284078221,S
442,1,1,male,,0,0,5.856597249794946,S
443,0,3,male,35.0304876830408,1,0,52.063387704904606,S
444,1,3,male,31.847296587075004,0,0,108.7649284500574,S
445,0,3,male,,0,0,106.6895037007477,C
446,1,1,male,19.37279892708876,0,0,68.30266283458751,S
447,0,3,male,46.9076519925713,0,0,16.48382393084383,S
448,1,1,male,50.52686338273669,1,0,13.939952843537956,C
449,1,1,female,26.247398673475217,0,1,3.776623012935524,S
450,0,2,male,,0,1,153.83391327178597,Q
451,1,3,female,16.58309156259039,0,0,32.10391798028716,Q
452,0,3,female,46.70497425637795,0,0,12.280874028316456,S
453,0,3,female,39.34854394353079,3,0,75.79686166743872,S
454,0,3,male,57.847652828724364,0,1,7.593066158164815,S
455,1,2,female,,0,0,30.163181778882528,S
456,0,2,male,24.21888546423585,0,0,16.90096744757424,S
457,0,2,male,33.055965876620796,1,0,38.041479868591246,S
458,0,3,male,39.074098297023674,2,0,18.848370429881033,S
459,1,1,female,26.57281925555933,0,0,4.707100478905641,C
460,0,3,male,17.042064188421342,0,1,21.662363908550827,S
461,0,3,male,42.48040916939178,0,0,57.332298689856835,S
462,1,2,female,40.15646275691093,1,0,19.507199335896672,S
463,1,3,female,16.414025541825985,0,0,43.60252761907053,Q
464,0,3,male,49.35392061602968,1,0,7.0601797698035345,S
465,0,3,male,46.66788128335075,0,1,19.5649403477319,C
466,0,3,female,31.647299210092996,1,0,10.756277578347325,S
467,0,2,male,,0,1,42.39289765646871,S
468,1,2,male,37.73383768118065,0,0,20.72812683506538,S
469,0,3,male,17.205305481284256,0,0,40.04779742359918,S
470,1,3,female,30.13545644787919,0,0,59.603269274021514,S
471,0,1,female,0.42,1,0,40.10971503307671,S
472,1,3,female,42.40860685979256,1,0,26.39351759332614,S
473,0,3,female,7.058348274593037,0,0,7.402277635904,Q
474,0,3,male,51.49958751222049,0,0,20.02965427828074,S
475,0,1,male,24.91325863748647,0,0,11.785967135591516,Q
476,0,3,male,26.630828761997932,1,1,14.238307495911862,S
477,0,3,male,20.59785836177467,0,2,13.81100653473085,S
478,0,1,male,25.52343632812989,0,0,7.5388859960149555,S
479,1,1,female,50.26870450464653,0,2,2.8367567519752774,S
480,0,3,male,0.42,0,0,10.297044905290402,S
481,1,1,female,48.21599809827872,0,0,24.37064786768678,S
482,1,3,male,34.601340475974766,0,1,5.216480571946787,S
483,0,3,male,12.198186106070374,0,0,20.403005868107943,C
484,1,2,male,14.10797030078605,4,0,134.3258311648474,S
485,0,3,male,,0,0,55.87161979429488,C
486,1,2,female,15.990150240830397,0,1,103.91170094330984,S
487,0,3,male,12.976417596358587,0,1,29.69943068984149,S
488,0,2,male,46.19106086428857,1,0,64.55449965935856,S
489,0,3,male,,0,0,9.73799524563401,S
490,1,1,male,16.100079140222213,0,0,10.545083506684191,S
491,0,2,male,32.841062143366976,0,0,1.2980456587066875,S
492,1,3,female,,0,0,65.76879423182176,S
493,0,2,female,45.661910277127774,0,1,93.7211589655829,S
494,0,3,male,45.08987899066044,1,0,11.551586128160144,S
495,1,2,female,,1,0,15.580938772517055,S
496,0,3,male,34.94408538808174,0,0,9.451163790047888,S
497,0,1,male,55.23722781057692,0,0,29.448811462621958,Q
498,0,3,male,29.695451747129265,1,2,61.86363611680608,C
499,0,3,male,12.562825181398381,0,0,3.5156626429624236,S
500,1,1,male,,1,0,30.248256021777397,C
501,1,1,male,,0,0,15.230929993115772,C
502,0,1,male,,2,0,22.497279526496477,S
503,0,3,male,,1,0,31.784984784076578,S
504,1,2,male,35.738467552471064,2,0,16.639802415052777,Q
505,1,3,female,28.91837968941678,0,0,18.109074144464554,S
506,0,2,male,15.456598084528938,0,0,16.218050209756864,C
507,1,2,male,45.96693891534183,2,0,53.001287292149435,S
508,0,3,male,,0,0,30.531531221110722,S
509,0,3,male,32.543906155846656,0,2,25.042729296029133,S
510,1,1,male,16.591009798827997,1,0,5.635288132895293,S
511,0,1,male,7.240072386724613,1,0,13.755245699648171,C
512,0,1,male,33.44065172770712,2,0,49.336746096701006,Q
513,0,3,male,45.70622147808574,0,0,20.857144952678873,S
514,1,3,male,36.58993232418303,1,0,38.84313941515973,S
515,0,3,male,29.66514430667662,1,0,117.50863265945468,C
516,0,3,male,21.15556104905506,0,0,56.747185998854235,S
517,0,3,male,13.863627325587698,0,0,22.046598736895163,S
518,0,3,male,41.80389423171079,0,0,12.049351364362913,S
519,1,3,female,42.94968851009099,0,1,1.562755179140731,C
520,0,1,male,7.286918092984369,4,0,16.972851170317934,C
521,0,1,male,52.75266518361991,0,0,14.49766358222738,S
522,0,2,male,38.02403270296302,1,0,29.676817765143966,S
523,1,1,female,49.99412235461401,4,0,17.220400783386935,Q
524,0,3,male,10.23914764696583,0,0,14.579478249203417,S
525,0,3,male,9.895549746476135,1,1,3.3892242808262143,S
526,0,1,male,,0,0,7.846222225895988,S
527,0,1,male,36.990374189980315,1,1,32.35119761443313,C
528,0,3,male,55.74723193244097,0,0,111.71015679067351,S
529,0,3,male,39.93814425031941,3,0,18.219175097653228,S
530,1,2,female,,0,0,27.87725361184734,S
531,0,3,male,14.817646488844563,0,2,52.06423043140984,S
532,1,1,female,47.53500830442768,1,0,8.927229173337352,S
533,1,1,female,15.711771326614635,0,0,28.986031550846786,S
534,0,3,male,53.31279404419867,0,0,9.578393584843315,S
535,0,3,male,25.576422580705614,0,0,47.694898309305096,S
536,1,1,male,52.76344005295883,1,0,23.36882917833025,S
537,0,3,male,39.54450370585953,0,2,27.070695988263086,S
538,0,3,male,,0,2,9.183435779962746,Q
539,0,3,female,22.168752608521164,0,0,40.73274684034199,C
540,0,3,female,,0,2,161.53355972515638,S
541,0,3,male,35.91059203944094,0,0,7.330826787600065,C
542,0,3,male,30.818769195156893,0,0,14.299734810197556,S
543,0,3,female,,0,0,25.320326045007604,Q
544,0,1,female,,0,0,44.097637606124835,S
545,1,1,female,,0,4,11.478247411236074,S
546,0,2,male,0.42,1,0,1.1817184703451018,S
547,0,3,male,36.34343766443613,0,0,78.1937322563116,S
548,1,1,male,15.494042241606302,0,0,42.9701685199578,Q
549,0,3,male,,0,0,3.5150454993357108,S
550,1,3,male,,0,0,10.940059198979272,S
551,0,1,male,,1,6,96.36879342278559,S
552,1,3,female,,0,1,85.43846578871141,S
553,0,2,male,19.419196114357888,0,1,51.34872069766591,S
554,0,3,male,58.02225749413524,0,0,16.84219872721185,S
555,1,1,male,22.07474469951954,1,0,21.8235010468972,Q
556,0,3,male,,0,0,17.62069731412389,S
557,1,3,male,35.506980104341764,0,0,62.068572582895456,S
558,0,3,male,31.600445200129805,0,0,8.365847074974235,Q
559,1,3,female,28.577069819473092,4,0,8.972823025470534,S
560,0,3,male,12.368240427810953,0,0,55.16201524733823,S
561,0,3,male,,0,0,19.213987789524012,S
562,0,3,male,55.904351332749336,1,0,79.71576380046315,C
563,0,3,female,5.301448935221057,1,0,10.262410903834073,S
564,1,1,female,14.851585432147496,0,0,19.014876370214203,Q
565,0,3,female,25.64275003553341,1,2,7.9851775363838495,C
566,0,3,male,15.714201973802226,1,0,20.233966080557526,S
567,0,3,male,37.03650052511004,0,1,4.578873755625194,S
568,0,1,male,19.140053065104112,0,0,12.334085135429554,S
569,0,3,male,61.09331298319573,0,0,4.776681865566091,S
570,1,2,female,46.96295461798214,3,0,40.2022608137353,C
571,0,3,male,32.78232344416711,1,1,41.123895013818185,Q
572,1,1,female,44.59130081813612,0,1,3.559917140724402,S
573,0,3,female,,1,0,76.23996082443877,S
574,0,3,male,21.522761423155472,0,0,244.0602513126556,S
575,1,1,female,17.864849954141512,0,0,21.031186062811926,S
576,1,3,male,30.833074413059887,0,0,10.579156948782646,S
577,0,2,male,42.19372380522019,0,2,338.434506130048,S
578,0,3,male,31.716375780474557,1,0,5.371093406660256,S
579,0,3,male,,0,0,20.49347344400284,S
580,0,3,male,18.059045562712786,1,0,24.03767215038944,S
581,1,3,male,,0,0,77.10341868078078,C
582,0,3,male,28.602848737275462,0,0,28.78167716501937,C
583,0,2,male,,4,0,12.19914788992176,S
584,0,2,male,9.603174835214528,0,0,7.758706480256101,S
585,0,3,male,37.03104400662018,0,0,14.270267540251206,S
586,0,3,male,51.2921400707602,0,0,7.338046325833746,S
587,0,3,male,62.636021308630546,1,1,21.06947519431405,S
588,0,3,female,23.83623736383256,0,0,11.424998667379453,C
589,1,2,female,36.825727064442894,0,0,4.508489642871205,S
590,0,3,female,37.96152517938038,0,0,70.46708972210114,S
591,1,1,female,,0,0,12.210881452769293,S
592,1,3,male,28.26674458203006,1,0,5.65117334356291,S
593,1,1,female,,0,0,16.974986285354724,S
594,0,2,male,0.42,0,0,21.506851654448116,Q
595,1,2,male,39.590007605908156,0,3,3.5026971094059074,S
596,1,2,female,31.529579603098522,0,0,27.984412734848547,S
597,0,3,male,26.47411399671515,2,0,7.048694563000927,S
598,1,2,female,59.37950183793359,0,0,111.16647018011484,Q
599,0,3,female,,5,0,33.91849741639246,S
600,1,1,female,23.85539815855705,0,0,13.465084609305011,S
601,1,2,female,58.57752288196865,0,1,9.533693705148956,C
602,0,1,male,17.635111079677078,1,0,18.08408541100635,S
603,0,1,male,21.723328397420186,0,0,37.06935959980511,S
604,0,3,male,27.568131360252675,1,0,19.579945847912384,S
605,1,3,male,41.890649990878465,4,0,16.164883316371235,S
606,0,3,male,32.713136356623046,0,0,21.292827753392796,S
607,0,3,female,10.95693246629219,0,0,10.980720670494142,S
608,1,2,female,21.983555834655753,1,0,14.250529631645016,S
609,0,3,male,,0,0,2.494797493787962,S
610,0,3,male,28.58029484426584,0,0,53.18233173021095,S
611,1,3,male,35.87473305013252,0,2,27.080063158153433,S
612,1,1,male,35.7639834603756,0,0,9.267782662354566,S
613,1,2,female,,1,1,134.1200080146374,Q
614,0,2,male,45.127144319632414,0,1,21.911606648764074,S
615,1,2,male,33.36224826695104,0,0,7.126757967662423,S
616,0,3,male,49.77571469011164,0,0,47.31074427860879,S
617,0,3,male,36.140875745714744,0,0,29.90567364799832,S
618,0,3,male,,0,0,29.802133517161685,S
619,0,3,male,36.46490701602684,1,0,13.121398821806112,S
620,0,3,male,49.22027346493985,0,1,31.516011673358165,S
621,0,3,male,37.272634222257786,1,2,15.45977840752756,S
622,0,3,male,28.28022892657789,1,0,35.02077481865186,C
623,1,1,female,,0,0,2.989348725114327,S
624,0,1,male,42.59103827305843,0,0,13.01531234519219,S
625,1,1,male,,0,1,112.410246890231,S
626,0,3,male,11.193585960194127,0,0,9.327178379228066,S
627,0,3,female,11.019539546778702,1,0,10.980947246208393,S
628,1,2,male,33.94437449105688,1,0,12.833239764870859,S
629,0,3,female,31.81005736763949,0,0,5.960735408250744,S
630,0,1,male,20.795222807379414,0,2,2.2071878159603338,C
631,0,3,male,31.74424914437487,2,0,15.949278633629273,C
632,1,2,male,52.735090456632136,3,0,23.008401321529842,S
633,0,1,male,39.78333588097933,0,2,19.0581519030681,S
634,0,3,female,13.155376608585293,0,0,17.37654725358466,C
635,0,2,male,,0,0,20.96891013221232,S
636,0,2,male,18.027986027637866,3,0,55.85960401174793,S
637,0,2,male,24.078351212075862,0,0,16.602508760113064,S
638,0,3,male,23.70257284837018,0,0,11.312603101312959,S
639,0,3,male,22.774139052241924,0,0,15.163246632645219,S
640,0,2,male,11.500537106385774,0,0,35.85011445887732,S
641,0,3,female,,0,0,82.43638281998749,S
642,0,3,male,21.571189265714004,8,1,10.717267875834066,S
643,0,2,male,0.42,0,1,22.174296150797662,C
644,1,2,female,59.46809435527411,0,0,28.172813198003805,S
645,0,1,male,,0,0,7.444101644726243,S
646,1,1,female,24.243639488587554,0,0,20.499841762516105,S
647,0,3,male,29.972876221238675,0,0,4.638198992207065,S
648,1,1,female,12.711011963895352,0,1,3.424480208518255,C
649,0,3,male,,0,0,28.984071135503445,S
650,0,3,female,57.210686074210116,0,0,13.682604187616539,S
651,1,1,female,31.972059059574605,0,0,24.58853820220812,S
652,0,3,male,44.5411943406875,0,0,19.729303601634573,S
653,1,2,female,32.24165829454189,3,0,7.5655114422729595,S
654,0,3,male,10.317481136299005,2,0,19.19684030485703,S
655,0,3,male,23.72856115002697,0,3,5.852674258453694,S
656,0,3,male,,0,1,80.71886847142305,S
657,0,3,male,23.10905807822006,1,0,5.175984978966673,S
658,0,1,male,26.529527477191976,0,0,16.51410276753927,S
659,1,3,male,28.37470641611784,1,2,7.083218621452786,Q
660,0,3,male,,3,0,35.5315549450634,C
661,0,3,female,,0,0,14.419315021015086,Q
662,1,3,female,14.321226537249286,0,0,11.957196089728061,Q
663,0,3,male,19.303265837644922,3,1,47.143754734729576,S
664,0,1,male,11.073528147350444,0,0,20.685450767553505,S
665,0,1,male,43.8783254704499,0,0,33.6712529770429,S
666,0,3,male,0.42,0,1,7.52833621701738,C
667,0,2,male,46.427059978095414,0,2,4.9292313152610445,S
668,1,3,male,49.80206626031123,1,2,22.358531303759438,Q
669,0,3,male,25.31838148875199,1,0,14.601929017972342,S
670,1,2,female,0.42,5,0,37.57859748302313,C
671,0,1,male,,0,0,18.54298494294556,S
672,0,3,male,28.76932966131212,0,0,24.657357612930976,S
673,0,2,male,15.046325811030755,0,0,3.961479117544957,C
674,0,3,male,22.229333289780477,0,0,132.74592191523146,S
675,0,2,male,51.88783038351859,0,1,17.043314492691547,C
676,0,3,male,39.341443853375246,4,0,40.34982147679271,S
677,0,1,male,16.293820341517552,1,0,8.705093636360326,S
678,0,3,male,6.534812040866232,0,0,27.330680587714426,S
679,1,3,female,24.95824889465832,0,0,5.4583974343134045,S
680,1,3,female,26.604876699418647,0,0,31.565597418734676,S
681,1,1,male,36.89488821676809,0,0,14.069733298472064,S
682,0,3,male,,1,0,20.68048504051573,S
683,0,3,male,,0,0,40.36544229315624,S
684,1,1,male,57.75973358087332,5,0,5.8559584935259705,S
685,1,1,male,41.52476482544181,0,0,10.130070415157302,S
686,0,1,male,29.002716643703796,0,1,31.731957023699984,C
687,0,3,male,27.044318169727227,1,0,163.73044942233187,S
688,0,3,male,24.528239554391867,0,0,17.49504442893899,S
689,0,3,male,46.8192932305561,0,1,36.275265503271406,S
690,1,1,female,20.603955033706107,0,0,18.047885482660643,S
691,1,2,female,30.355729280499748,0,2,140.08446957286512,S
692,0,3,female,30.442369577275738,1,1,3.5000537763009403,Q
693,0,3,male,22.424129204232784,0,0,22.07887004650495,C
694,0,3,female,9.799249555680536,1,2,3.9529256136336617,S
695,0,1,male,34.38313030245619,0,0,1.637922105177277,S
696,0,3,female,,0,0,27.043915728035834,C
697,0,2,male,36.95348680683026,1,0,23.0922669207877,S
698,1,2,female,21.96279555663208,0,0,15.10707326453831,S
699,0,3,male,47.40190883278919,0,2,18.061920999362446,S
700,0,3,female,16.986780172428247,0,0,445.1002038778566,S
701,0,3,female,54.52458411825944,0,0,15.515272508911643,Q
702,0,1,male,4.359270607490206,0,0,33.45242771100087,S
703,0,1,male,36.00416593607492,0,0,10.492232068625093,S
704,0,3,female,36.59374489663604,0,0,26.983689072748724,S
705,0,3,male,,0,0,15.827775266490281,C
706,1,2,female,,3,1,13.322862138202192,C
707,0,1,male,48.2530207115223,0,0,123.82862239560885,S
708,1,1,male,0.42,1,1,65.18210468150917,S
709,0,3,male,36.989799708616815,0,0,23.02882397006773,S
710,1,1,male,,0,1,2.005288747401279,C
711,1,2,female,15.697860348913483,1,0,13.999068290854709,C
712,0,1,male,,0,0,299.773612386581,S
713,0,2,male,21.264160515815217,1,0,15.948078206650944,S
714,0,1,male,12.678740516069897,0,1,60.53474950026886,S
715,0,3,male,26.829902929722113,0,0,84.9397687144263,S
716,1,1,female,,0,2,25.002202371697482,S
717,1,3,female,3.140607415512619,0,0,8.655356415942773,S
718,1,1,male,14.456006281229504,1,0,1.7588983370680755,S
719,0,3,female,51.412759406104584,0,0,39.81179434070236,S
720,1,3,female,56.636683981297125,3,2,8.892818111187447,S
721,0,3,male,28.200247247790884,3,0,23.954362363579172,S
722,0,3,female,11.733735813363683,0,1,5.755636643164249,S
723,0,2,male,60.089730776232805,0,1,15.406083432944477,S
724,1,2,male,52.81941468036335,1,0,20.77435004683169,S
725,0,3,female,39.54473132255238,3,0,26.27436058677104,S
726,0,3,male,17.920165940407408,0,0,6.587525683264008,S
727,0,3,female,28.98907455784847,0,0,66.48065138846853,C
728,1,3,female,,0,1,11.057458916020039,C
729,1,3,male,,1,0,3.764181872681922,C
730,0,3,female,50.73952085290438,0,0,18.010890091478934,S
731,0,1,male,42.45154709649235,1,1,20.78798777417054,S
732,0,3,male,14.078046883721004,0,0,23.5844933155748,S
733,0,3,male,49.6591985252833,0,0,78.42418827473469,S
734,1,1,female,34.24041603019075,0,0,15.856050512167174,S
735,0,3,male,39.662454039954284,0,0,17.821050583915774,S
736,1,1,male,50.96484245953974,0,0,6.664637867971289,C
737,0,3,female,,0,1,45.62945736892048,S
738,1,1,female,29.180529108756286,0,0,24.150596125462798,C
739,0,3,female,,0,0,13.196772243799455,C
740,0,3,male,,0,0,2.9901552422344904,S
741,0,2,male,34.72729467527134,4,0,85.14981164384345,C
742,0,3,male,66.11756999797414,0,0,5.884489762205018,S
743,1,3,female,3.0188727046665846,0,2,11.119740927121356,C
744,0,3,male,29.23193113978268,0,0,28.741570121305877,S
745,0,1,male,38.987872558584215,4,0,6.070506661657569,C
746,1,2,female,31.484633924014627,0,0,4.510870821788842,S
747,0,1,male,,0,0,2.4014012407673304,Q
748,0,3,female,10.861362730035548,1,0,41.305553279685206,S
749,1,3,female,33.075407772632374,0,0,11.644264664028482,S
750,1,3,female,18.726922333269066,0,0,375.1290471377205,C
751,1,3,male,,0,0,7.430884784678285,C
752,0,3,male,47.021587197449094,0,0,7.992862664871938,S
753,1,3,female,43.596594387709615,0,0,11.411333517161193,S
754,1,1,female,30.449084164340658,1,2,25.613886738590292,S
755,0,3,female,33.021582978982686,0,0,12.550953781484196,Q
756,1,1,male,45.27761118437564,1,0,37.05236617230217,C
757,1,3,female,32.9529250232822,0,0,7.548973622736855,C
758,0,3,female,42.80825454403906,1,0,5.045053617187035,S
759,1,3,female,25.386508087329172,0,0,3.3260494906500457,S
760,1,1,female,48.723764209322226,0,0,2.173689234486395,S
761,1,2,female,34.35139302602391,0,0,11.964345043831106,C
762,0,2,male,32.51375318228517,3,0,14.86515208692261,S
763,0,2,male,11.284114213675533,0,0,10.682030877425689,C
764,1,1,male,33.86085988737477,0,0,69.64464390931029,S
765,1,3,male,17.636653696330455,0,0,68.58200685664382,S
766,0,3,male,20.444900465336836,0,0,14.370780491310803,S
767,1,2,male,17.877053389416243,0,0,3.340361006105275,S
768,1,2,male,14.239593487461237,0,0,11.396370094634053,S
769,0,2,male,60.50918534374594,0,0,11.02514536282735,S
770,0,3,male,49.00441639883184,0,0,10.41102184468843,S
771,0,3,female,57.54532878109178,0,1,9.99696049310083,C
772,1,3,female,11.968022216444322,0,0,10.449322087272432,S
773,0,3,male,30.73317937370794,1,0,13.646163012118775,S
774,0,3,female,10.94413943454061,0,0,10.63828089865514,S
775,0,3,male,19.61242428064257,0,2,24.737554365587002,S
776,0,1,male,16.387158740459665,0,0,28.799807869014145,C
777,0,3,male,,4,0,8.079701371017466,S
778,1,1,male,23.95466966752448,3,0,71.59787007777558,C
779,1,3,female,45.19150033856324,1,0,7.537855296773182,S
780,1,2,female,38.45975289903351,0,0,3.983653592166759,S
781,0,3,male,63.10276190551944,0,0,29.393632562028145,S
782,0,3,male,8.248058764474003,0,2,8.869264434874108,S
783,1,3,male,,0,2,27.696096169639585,S
784,0,3,male,46.32339262081055,0,0,1.8154464199885676,C
785,0,2,male,15.586006848607997,1,0,80.83871052721206,S
786,1,1,male,44.30343337886082,1,2,39.34202980279057,S
787,1,2,female,34.57410196388032,1,0,4.4795538339757215,S
788,1,1,female,26.401594230675585,0,0,4.577819880409107,S
789,0,3,male,,1,0,106.93978340147757,S
790,1,2,female,19.272912953986804,0,0,9.608230707417473,S
791,1,3,male,59.422275388895926,0,0,8.721708531737995,S
792,0,3,male,,1,0,2.0832890229098027,S
793,0,3,male,41.040885022206155,0,0,14.143028177976728,S
794,0,1,male,18.23195896582048,0,0,15.995067367287305,C
795,0,3,female,18.39213227978624,0,0,41.07883793344748,S
796,0,3,male,45.388779734124164,1,0,4.957599103416951,S
797,0,3,male,,1,1,4.391685998826209,Q
798,0,3,female,,0,0,31.53073028170814,S
799,0,3,male,30.193397460547363,1,0,54.9668387307208,S
800,1,1,female,31.31490272668076,0,2,4.173886636647417,S
801,0,3,male,27.103147367265734,0,2,59.235089023934854,S
802,0,2,male,35.439386825890885,1,0,20.853917942161832,S
803,0,1,male,39.746408459358264,1,0,59.84783987716202,Q
804,0,2,male,40.352244409160285,4,0,18.72350410226127,S
805,0,1,male,15.405844774316513,0,1,1.612397307699244,C
806,1,1,female,25.57975108003244,0,2,17.253803599346085,S
807,1,1,male,47.0240614972156,0,1,57.982649466939996,S
808,1,3,female,,1,0,8.217401015549862,S
809,0,3,female,9.793537953524574,0,0,13.62675352148004,C
810,0,3,female,34.79645855510692,1,0,16.84184387270951,Q
811,1,2,male,1.0157338840652521,0,0,1.1057082945118621,S
812,1,2,male,30.380556079875358,0,0,106.84162261231175,Q
813,0,3,male,57.21762174281666,0,0,8.154943600458443,S
814,1,2,female,15.955555599599698,0,0,33.30592910947743,S
815,1,1,male,,0,0,18.417455140125536,S
816,0,3,male,,1,0,70.64158942237759,S
817,0,1,male,7.329378029460134,0,0,30.146116907612793,S
818,0,3,male,,0,0,15.880242531693415,S
819,0,3,male,38.348396494935415,0,0,8.219298850856822,S
820,0,1,male,20.502855208503654,0,0,44.60521147353747,S
821,1,1,female,26.278435185440912,0,0,3.0850217144289998,S
822,0,3,male,40.490692799568,0,4,38.31687578944286,Q
823,0,3,male,35.81241821128014,0,0,6.692284183959058,S
824,0,1,male,33.56886674628333,0,0,70.26569235283827,S
825,0,3,male,24.782726950584436,0,0,23.60124683582996,S
826,1,1,male,,0,0,38.2492429473338,S
827,0,3,female,27.905876138553527,0,1,21.801718867607274,C
828,0,3,male,36.33818134392388,0,0,3.4820559336015307,S
829,1,1,female,22.494485635789314,0,1,8.493242409024443,C
830,0,1,male,27.05274987149665,2,0,39.345804047859005,S
831,0,1,male,,1,1,23.72800075844815,S
832,1,2,female,29.19238965490958,1,0,65.43059125589538,S
833,0,1,male,17.94048747738175,0,1,30.06238020632263,S
834,0,3,male,13.546326472651096,1,0,7.639239904561531,S
835,0,1,male,33.45058664390313,1,0,9.060604704733217,S
836,0,3,male,32.78472674993608,1,0,22.262805931316795,S
837,1,3,female,,0,2,1.9856690971667545,S
838,1,3,male,23.448679241161063,0,0,107.0656165853423,Q
839,0,3,female,,1,0,31.24148116743753,S
840,1,2,female,37.68656479796812,0,1,68.5137597287642,S
841,0,3,male,36.149220213558124,0,0,4.134622618729176,S
842,1,3,female,17.728021599368937,0,0,69.7254341678895,S
843,0,2,male,31.86577049293224,0,0,187.07299925504657,S
844,1,1,female,,0,0,5.360845175361703,C
845,0,3,male,29.804087770165157,0,2,43.4409174311278,Q
846,0,3,female,,0,1,20.107843135227704,S
847,0,1,male,32.027099547615464,0,0,4.286909820199179,S
848,1,2,male,61.781700071260005,0,4,32.88063793289718,S
849,0,2,male,24.47943060302375,0,0,46.228810371190946,S
850,0,3,female,19.142882081097845,0,0,11.010765184116712,S
851,0,3,male,,1,0,64.45172669470294,S
852,0,3,male,,1,0,3.7933009125374393,S
853,1,1,female,,0,0,4.505252118072208,S
854,1,2,female,11.460911739321126,0,2,23.02538713288048,S
855,0,3,female,40.30501366233739,0,1,20.601940656246356,S
856,1,1,female,38.26111988814622,1,0,9.810237777648108,S
857,1,2,female,27.63887521436208,0,0,45.13213118518037,S
858,0,3,female,34.610966109864506,0,0,34.15449881430482,C
859,0,1,male,44.62713348317618,0,2,47.37710385351441,S
860,0,3,male,42.34857301041253,0,1,17.75848739342413,C
861,1,1,female,13.126219974930933,1,0,36.6927896324791,S
862,0,1,male,41.592293707954525,1,1,12.862932133362929,S
863,0,1,male,,0,0,156.6194049647573,S
864,0,3,male,30.75667442122497,0,0,8.912495045877735,S
865,0,3,female,30.76135636952457,0,0,164.8931073063747,Q
866,0,3,male,27.52147666242523,0,0,20.79864721994106,S
867,1,3,male,,0,0,5.075825188509814,S
868,0,1,male,28.486089582186423,0,0,78.89196228547893,S
869,0,3,male,13.466581138444052,0,0,22.78041984783249,Q
870,0,3,male,,0,0,47.045917759119135,S
871,0,3,male,32.291073393751894,2,0,68.29632227828742,Q
872,0,1,male,47.523614372307236,0,0,28.16149316318751,C
873,1,3,female,,1,0,11.109039599074226,S
874,0,1,male,,1,2,53.28811790294096,C
875,0,2,female,65.73525379184393,0,0,20.100717429833583,Q
876,0,3,female,33.539242009180704,1,0,39.87931700161817,S
877,0,3,male,48.193165700985716,0,0,2.330934887116546,S
878,1,2,female,27.500140713130175,0,1,31.405458551003335,S
879,0,2,male,,0,6,10.605939505033703,S
880,0,3,female,41.87229331551687,8,0,104.93169736232227,S
881,1,3,male,47.36382332043671,0,0,37.45302001208583,S
882,1,3,female,,0,2,25.530089727791115,S
883,1,3,male,42.34685650105818,2,0,32.66519027605768,S
884,0,3,male,25.131242397685426,0,0,7.400585710335644,S
885,1,2,male,21.40968239163711,1,0,101.82510559192579,C
886,0,3,female,,1,0,147.13792591634564,S
887,1,2,female,43.23035704894551,1,0,29.752510367967304,S
888,0,2,male,26.470549838739196,4,0,98.53418744049259,S
889,1,3,male,45.144993502858604,4,0,11.368561712812506,S
890,0,1,male,,0,2,9.051101235367454,Q
891,1,3,female,16.413346673435413,1,0,20.924584273624323,S
